,time,precip
0,2011-01-01,9.145611
1,2011-01-02,6.6237154
2,2011-01-03,8.103347
3,2011-01-04,6.7510643
4,2011-01-05,14.250298
5,2011-01-06,10.544295
6,2011-01-07,9.161417
7,2011-01-08,16.887678
8,2011-01-09,5.823002
9,2011-01-10,4.7459383
10,2011-01-11,2.7026203
11,2011-01-12,3.8795047
12,2011-01-13,3.6917357
13,2011-01-14,11.056814
14,2011-01-15,15.33559
15,2011-01-16,12.7502
16,2011-01-17,5.486256
17,2011-01-18,12.314323
18,2011-01-19,8.288357
19,2011-01-20,11.046116
20,2011-01-21,15.231763
21,2011-01-22,7.4436364
22,2011-01-23,8.146274
23,2011-01-24,5.9190755
24,2011-01-25,6.0199375
25,2011-01-26,9.779538
26,2011-01-27,10.27138
27,2011-01-28,12.721363
28,2011-01-29,7.7187495
29,2011-01-30,12.385809
30,2011-01-31,15.65444
31,2011-02-01,16.130709
32,2011-02-02,11.031536
33,2011-02-03,5.6318536
34,2011-02-04,11.6316185
35,2011-02-05,9.932591
36,2011-02-06,10.854391
37,2011-02-07,12.566687
38,2011-02-08,11.63426
39,2011-02-09,19.815825
40,2011-02-10,5.9678035
41,2011-02-11,4.4317446
42,2011-02-12,5.4626646
43,2011-02-13,16.74032
44,2011-02-14,22.122004
45,2011-02-15,6.0064917
46,2011-02-16,5.7110233
47,2011-02-17,20.853527
48,2011-02-18,11.611866
49,2011-02-19,10.047565
50,2011-02-20,9.759543
51,2011-02-21,7.125809
52,2011-02-22,6.367809
53,2011-02-23,10.731399
54,2011-02-24,10.003235
55,2011-02-25,12.099962
56,2011-02-26,17.92645
57,2011-02-27,7.718527
58,2011-02-28,5.8323255
59,2011-03-01,4.851961
60,2011-03-02,7.4439116
61,2011-03-03,15.543122
62,2011-03-04,4.834632
63,2011-03-05,8.663571
64,2011-03-06,12.545432
65,2011-03-07,8.164353
66,2011-03-08,12.056467
67,2011-03-09,13.857012
68,2011-03-10,18.09021
69,2011-03-11,16.788485
70,2011-03-12,10.584425
71,2011-03-13,1.9518775
72,2011-03-14,6.6472473
73,2011-03-15,15.060339
74,2011-03-16,6.3304234
75,2011-03-17,2.8400497
76,2011-03-18,7.1005235
77,2011-03-19,12.528051
78,2011-03-20,11.930341
79,2011-03-21,6.1885066
80,2011-03-22,14.187409
81,2011-03-23,12.663605
82,2011-03-24,1.3613117
83,2011-03-25,9.950411
84,2011-03-26,20.343105
85,2011-03-27,6.638766
86,2011-03-28,7.250526
87,2011-03-29,11.611821
88,2011-03-30,11.641763
89,2011-03-31,8.211683
90,2011-04-01,17.612343
91,2011-04-02,13.958766
92,2011-04-03,6.103501
93,2011-04-04,8.5258
94,2011-04-05,8.06157
95,2011-04-06,9.697911
96,2011-04-07,20.849573
97,2011-04-08,16.687698
98,2011-04-09,19.11585
99,2011-04-10,8.159296
100,2011-04-11,17.984135
101,2011-04-12,7.591675
102,2011-04-13,9.5075245
103,2011-04-14,18.605171
104,2011-04-15,3.9575665
105,2011-04-16,5.1236544
106,2011-04-17,16.290411
107,2011-04-18,8.676316
108,2011-04-19,5.9779725
109,2011-04-20,6.8791747
110,2011-04-21,15.118433
111,2011-04-22,19.323765
112,2011-04-23,4.559246
113,2011-04-24,14.93272
114,2011-04-25,6.5291176
115,2011-04-26,6.9183083
116,2011-04-27,17.595129
117,2011-04-28,5.481106
118,2011-04-29,9.53846
119,2011-04-30,3.522551
120,2011-05-01,2.2669744
121,2011-05-02,13.183621
122,2011-05-03,16.71036
123,2011-05-04,6.932909
124,2011-05-05,7.3357296
125,2011-05-06,9.564958
126,2011-05-07,13.073094
127,2011-05-08,5.613413
128,2011-05-09,11.355681
129,2011-05-10,10.753834
130,2011-05-11,8.230268
131,2011-05-12,10.371961
132,2011-05-13,14.427177
133,2011-05-14,5.6024156
134,2011-05-15,17.922277
135,2011-05-16,16.815544
136,2011-05-17,10.699676
137,2011-05-18,15.64928
138,2011-05-19,5.56461
139,2011-05-20,7.539403
140,2011-05-21,9.115194
141,2011-05-22,9.63863
142,2011-05-23,7.703219
143,2011-05-24,3.2025638
144,2011-05-25,3.1045783
145,2011-05-26,9.184663
146,2011-05-27,16.53208
147,2011-05-28,3.6776087
148,2011-05-29,3.5105517
149,2011-05-30,5.123745
150,2011-05-31,4.17434
151,2011-06-01,7.248707
152,2011-06-02,8.286858
153,2011-06-03,6.0062327
154,2011-06-04,5.0886397
155,2011-06-05,3.6512341
156,2011-06-06,7.083634
157,2011-06-07,2.3078778
158,2011-06-08,2.7080164
159,2011-06-09,3.7482128
160,2011-06-10,4.6069355
161,2011-06-11,3.8516102
162,2011-06-12,5.278451
163,2011-06-13,4.7012324
164,2011-06-14,2.2055259
165,2011-06-15,3.6888463
166,2011-06-16,7.2500477
167,2011-06-17,8.638125
168,2011-06-18,4.389247
169,2011-06-19,3.5191278
170,2011-06-20,2.2343442
171,2011-06-21,5.363502
172,2011-06-22,1.7001011
173,2011-06-23,1.5427905
174,2011-06-24,1.0602582
175,2011-06-25,4.071917
176,2011-06-26,7.983519
177,2011-06-27,7.31441
178,2011-06-28,6.4229846
179,2011-06-29,8.724888
180,2011-06-30,3.9606092
181,2011-07-01,2.7351356
182,2011-07-02,3.680377
183,2011-07-03,1.3593259
184,2011-07-04,0.92067796
185,2011-07-05,6.108584
186,2011-07-06,3.3242981
187,2011-07-07,5.097068
188,2011-07-08,6.216845
189,2011-07-09,11.663355
190,2011-07-10,3.84077
191,2011-07-11,1.2427542
192,2011-07-12,2.7663941
193,2011-07-13,2.3255637
194,2011-07-14,1.2255651
195,2011-07-15,7.200777
196,2011-07-16,5.9316015
197,2011-07-17,2.642669
198,2011-07-18,1.1985207
199,2011-07-19,2.9265902
200,2011-07-20,4.2033753
201,2011-07-21,1.7995517
202,2011-07-22,1.8649937
203,2011-07-23,3.9389813
204,2011-07-24,5.3178554
205,2011-07-25,5.6623135
206,2011-07-26,2.231147
207,2011-07-27,1.0419494
208,2011-07-28,2.3218637
209,2011-07-29,2.5488076
210,2011-07-30,4.201288
211,2011-07-31,0.27360553
212,2011-08-01,1.7032886
213,2011-08-02,0.0049144803
214,2011-08-03,0.3623641
215,2011-08-04,1.9666814
216,2011-08-05,1.8010297
217,2011-08-06,0.6972086
218,2011-08-07,0.76953673
219,2011-08-08,0.39977178
220,2011-08-09,0.15559657
221,2011-08-10,1.3739221
222,2011-08-11,1.5729734
223,2011-08-12,2.3388267
224,2011-08-13,5.033168
225,2011-08-14,5.9217725
226,2011-08-15,3.4572845
227,2011-08-16,4.872392
228,2011-08-17,3.322092
229,2011-08-18,1.5858765
230,2011-08-19,0.86506575
231,2011-08-20,1.2279708
232,2011-08-21,3.741076
233,2011-08-22,8.236786
234,2011-08-23,5.5686426
235,2011-08-24,8.204006
236,2011-08-25,12.698357
237,2011-08-26,4.7428603
238,2011-08-27,3.2966807
239,2011-08-28,2.6209211
240,2011-08-29,1.5432136
241,2011-08-30,0.32180846
242,2011-08-31,1.8703473
243,2011-09-01,2.3431132
244,2011-09-02,3.601155
245,2011-09-03,5.056413
246,2011-09-04,3.104476
247,2011-09-05,3.287307
248,2011-09-06,2.8465424
249,2011-09-07,4.7755165
250,2011-09-08,2.2904434
251,2011-09-09,1.146402
252,2011-09-10,1.747628
253,2011-09-11,5.9632044
254,2011-09-12,7.041301
255,2011-09-13,5.576996
256,2011-09-14,6.2288113
257,2011-09-15,3.0593777
258,2011-09-16,1.888547
259,2011-09-17,1.4842147
260,2011-09-18,2.806339
261,2011-09-19,3.5938501
262,2011-09-20,7.1102085
263,2011-09-21,3.5681734
264,2011-09-22,3.4558425
265,2011-09-23,5.601667
266,2011-09-24,3.4462583
267,2011-09-25,3.4578815
268,2011-09-26,4.254059
269,2011-09-27,11.832932
270,2011-09-28,2.8821216
271,2011-09-29,2.5476503
272,2011-09-30,1.7147082
273,2011-10-01,1.0471668
274,2011-10-02,1.9012351
275,2011-10-03,8.333322
276,2011-10-04,1.8521943
277,2011-10-05,4.162668
278,2011-10-06,6.371262
279,2011-10-07,1.107845
280,2011-10-08,0.22289114
281,2011-10-09,0.94947374
282,2011-10-10,6.8619165
283,2011-10-11,11.487805
284,2011-10-12,3.6787755
285,2011-10-13,2.7289588
286,2011-10-14,4.717823
287,2011-10-15,5.4853573
288,2011-10-16,2.935564
289,2011-10-17,16.671858
290,2011-10-18,7.7517333
291,2011-10-19,2.2684972
292,2011-10-20,5.6110325
293,2011-10-21,12.760404
294,2011-10-22,6.3081822
295,2011-10-23,2.5165746
296,2011-10-24,2.262313
297,2011-10-25,4.419771
298,2011-10-26,9.942334
299,2011-10-27,2.3932812
300,2011-10-28,1.3604094
301,2011-10-29,0.9309749
302,2011-10-30,6.216976
303,2011-10-31,12.439556
304,2011-11-01,5.584022
305,2011-11-02,7.37257
306,2011-11-03,11.036908
307,2011-11-04,4.452684
308,2011-11-05,1.9709418
309,2011-11-06,3.2792065
310,2011-11-07,10.516758
311,2011-11-08,2.2005906
312,2011-11-09,3.8174515
313,2011-11-10,3.5384486
314,2011-11-11,16.239033
315,2011-11-12,5.0135775
316,2011-11-13,8.301684
317,2011-11-14,6.2727427
318,2011-11-15,5.0182033
319,2011-11-16,4.982187
320,2011-11-17,10.999624
321,2011-11-18,6.5191283
322,2011-11-19,7.262477
323,2011-11-20,5.3841357
324,2011-11-21,3.9940188
325,2011-11-22,2.4725866
326,2011-11-23,5.2196255
327,2011-11-24,2.4430206
328,2011-11-25,1.3578143
329,2011-11-26,2.9913025
330,2011-11-27,3.0763507
331,2011-11-28,3.8023627
332,2011-11-29,7.3175073
333,2011-11-30,8.57339
334,2011-12-01,2.7141263
335,2011-12-02,9.434663
336,2011-12-03,11.599541
337,2011-12-04,10.74292
338,2011-12-05,3.4126928
339,2011-12-06,0.36914593
340,2011-12-07,3.414481
341,2011-12-08,7.0954194
342,2011-12-09,5.028761
343,2011-12-10,2.6724317
344,2011-12-11,5.3404326
345,2011-12-12,3.7070549
346,2011-12-13,1.8152537
347,2011-12-14,3.1850073
348,2011-12-15,4.5992336
349,2011-12-16,6.7339644
350,2011-12-17,9.798235
351,2011-12-18,11.112746
352,2011-12-19,5.10119
353,2011-12-20,4.079749
354,2011-12-21,2.7876098
355,2011-12-22,1.214572
356,2011-12-23,10.62839
357,2011-12-24,10.145642
358,2011-12-25,7.2464643
359,2011-12-26,8.666771
360,2011-12-27,10.0031595
361,2011-12-28,6.7695427
362,2011-12-29,4.2959805
363,2011-12-30,6.42188
364,2011-12-31,3.1684716
365,2013-01-01,6.8798037
366,2013-01-02,12.642617
367,2013-01-03,13.3801365
368,2013-01-04,10.4784155
369,2013-01-05,6.963175
370,2013-01-06,3.8902075
371,2013-01-07,4.543066
372,2013-01-08,3.8160954
373,2013-01-09,3.8317573
374,2013-01-10,3.9747474
375,2013-01-11,8.462013
376,2013-01-12,7.2256093
377,2013-01-13,5.956418
378,2013-01-14,13.565835
379,2013-01-15,8.549549
380,2013-01-16,6.4433503
381,2013-01-17,6.623177
382,2013-01-18,6.3732743
383,2013-01-19,23.44254
384,2013-01-20,3.3257134
385,2013-01-21,1.2882789
386,2013-01-22,1.3674928
387,2013-01-23,2.9823258
388,2013-01-24,12.790891
389,2013-01-25,2.673188
390,2013-01-26,0.94860995
391,2013-01-27,7.2694187
392,2013-01-28,19.406336
393,2013-01-29,30.874302
394,2013-01-30,6.269087
395,2013-01-31,3.1766393
396,2013-02-01,9.99072
397,2013-02-02,10.010469
398,2013-02-03,7.158765
399,2013-02-04,6.121001
400,2013-02-05,11.316584
401,2013-02-06,26.175283
402,2013-02-07,20.239801
403,2013-02-08,10.315107
404,2013-02-09,6.681226
405,2013-02-10,18.074802
406,2013-02-11,29.28419
407,2013-02-12,22.563469
408,2013-02-13,7.569393
409,2013-02-14,12.413504
410,2013-02-15,21.262676
411,2013-02-16,8.967663
412,2013-02-17,11.11107
413,2013-02-18,8.478111
414,2013-02-19,10.033077
415,2013-02-20,10.584804
416,2013-02-21,11.498243
417,2013-02-22,12.374791
418,2013-02-23,20.440247
419,2013-02-24,12.78299
420,2013-02-25,13.157488
421,2013-02-26,3.084245
422,2013-02-27,3.509325
423,2013-02-28,7.034988
424,2013-03-01,8.454493
425,2013-03-02,5.0318637
426,2013-03-03,10.993704
427,2013-03-04,10.688562
428,2013-03-05,11.2986965
429,2013-03-06,15.175128
430,2013-03-07,14.230447
431,2013-03-08,4.056841
432,2013-03-09,2.0575495
433,2013-03-10,4.778557
434,2013-03-11,1.5912122
435,2013-03-12,5.101528
436,2013-03-13,2.5611691
437,2013-03-14,10.51584
438,2013-03-15,12.556526
439,2013-03-16,9.306138
440,2013-03-17,22.265896
441,2013-03-18,19.884405
442,2013-03-19,15.040642
443,2013-03-20,10.519966
444,2013-03-21,9.637538
445,2013-03-22,12.732403
446,2013-03-23,17.595171
447,2013-03-24,23.335835
448,2013-03-25,1.6512616
449,2013-03-26,3.5758703
450,2013-03-27,5.304354
451,2013-03-28,12.763447
452,2013-03-29,19.78272
453,2013-03-30,4.4793224
454,2013-03-31,2.1950812
455,2013-04-01,6.9189415
456,2013-04-02,4.547795
457,2013-04-03,9.448708
458,2013-04-04,7.986459
459,2013-04-05,5.4900336
460,2013-04-06,3.9597301
461,2013-04-07,2.1370878
462,2013-04-08,4.0529013
463,2013-04-09,15.681511
464,2013-04-10,9.095883
465,2013-04-11,3.5884063
466,2013-04-12,3.560986
467,2013-04-13,4.540577
468,2013-04-14,5.2458415
469,2013-04-15,9.746814
470,2013-04-16,20.187496
471,2013-04-17,11.700758
472,2013-04-18,11.203373
473,2013-04-19,8.335153
474,2013-04-20,15.641394
475,2013-04-21,22.021767
476,2013-04-22,23.544819
477,2013-04-23,8.422105
478,2013-04-24,10.73624
479,2013-04-25,25.05317
480,2013-04-26,9.683267
481,2013-04-27,7.6957355
482,2013-04-28,12.880136
483,2013-04-29,9.409207
484,2013-04-30,12.728452
485,2013-05-01,8.689676
486,2013-05-02,12.544307
487,2013-05-03,5.620102
488,2013-05-04,8.96301
489,2013-05-05,4.80834
490,2013-05-06,16.165369
491,2013-05-07,15.185888
492,2013-05-08,14.242032
493,2013-05-09,8.642328
494,2013-05-10,5.3323364
495,2013-05-11,9.394128
496,2013-05-12,9.822171
497,2013-05-13,11.618671
498,2013-05-14,8.944998
499,2013-05-15,4.621044
500,2013-05-16,13.119881
501,2013-05-17,12.105434
502,2013-05-18,5.4739833
503,2013-05-19,4.3631535
504,2013-05-20,1.8751035
505,2013-05-21,8.46525
506,2013-05-22,8.485437
507,2013-05-23,9.055873
508,2013-05-24,14.930796
509,2013-05-25,18.017935
510,2013-05-26,13.46134
511,2013-05-27,11.35191
512,2013-05-28,5.6480236
513,2013-05-29,4.120435
514,2013-05-30,3.3544233
515,2013-05-31,5.9398646
516,2013-06-01,3.9534411
517,2013-06-02,9.691341
518,2013-06-03,4.611376
519,2013-06-04,2.4726331
520,2013-06-05,3.7620552
521,2013-06-06,4.861407
522,2013-06-07,15.26909
523,2013-06-08,11.007193
524,2013-06-09,7.2731104
525,2013-06-10,3.3925974
526,2013-06-11,5.423174
527,2013-06-12,4.8894725
528,2013-06-13,9.89814
529,2013-06-14,6.1773524
530,2013-06-15,3.430975
531,2013-06-16,2.337041
532,2013-06-17,2.580867
533,2013-06-18,2.8113086
534,2013-06-19,2.8920388
535,2013-06-20,0.71201974
536,2013-06-21,0.9086276
537,2013-06-22,3.9999545
538,2013-06-23,2.2556477
539,2013-06-24,2.2951045
540,2013-06-25,3.6042113
541,2013-06-26,1.0000707
542,2013-06-27,7.599909
543,2013-06-28,1.8386241
544,2013-06-29,6.059946
545,2013-06-30,5.9661684
546,2013-07-01,5.9746165
547,2013-07-02,8.665535
548,2013-07-03,11.440029
549,2013-07-04,13.985382
550,2013-07-05,6.081539
551,2013-07-06,7.0839148
552,2013-07-07,4.3272505
553,2013-07-08,2.492538
554,2013-07-09,5.198088
555,2013-07-10,8.917281
556,2013-07-11,8.299876
557,2013-07-12,6.7305007
558,2013-07-13,4.2958965
559,2013-07-14,5.9294167
560,2013-07-15,7.854039
561,2013-07-16,3.2531004
562,2013-07-17,5.856365
563,2013-07-18,1.8437378
564,2013-07-19,0.63330626
565,2013-07-20,2.699463
566,2013-07-21,6.1570745
567,2013-07-22,3.3160894
568,2013-07-23,0.9588166
569,2013-07-24,4.6085043
570,2013-07-25,6.810857
571,2013-07-26,1.6481804
572,2013-07-27,2.5513186
573,2013-07-28,5.277104
574,2013-07-29,2.234755
575,2013-07-30,9.926167
576,2013-07-31,6.293768
577,2013-08-01,0.6876697
578,2013-08-02,1.8763456
579,2013-08-03,2.3976316
580,2013-08-04,2.5305672
581,2013-08-05,1.4401315
582,2013-08-06,3.9606752
583,2013-08-07,2.3311257
584,2013-08-08,3.1852407
585,2013-08-09,5.404142
586,2013-08-10,6.3381605
587,2013-08-11,5.1858754
588,2013-08-12,3.9036894
589,2013-08-13,4.216489
590,2013-08-14,6.7725444
591,2013-08-15,7.883749
592,2013-08-16,3.9153352
593,2013-08-17,4.3402305
594,2013-08-18,4.920111
595,2013-08-19,7.9874253
596,2013-08-20,2.8688486
597,2013-08-21,3.2480948
598,2013-08-22,4.664332
599,2013-08-23,1.6099007
600,2013-08-24,3.298278
601,2013-08-25,7.1665087
602,2013-08-26,6.366544
603,2013-08-27,6.0009294
604,2013-08-28,6.7446833
605,2013-08-29,8.576921
606,2013-08-30,4.6608596
607,2013-08-31,4.384846
608,2013-09-01,2.9875922
609,2013-09-02,6.051887
610,2013-09-03,6.640851
611,2013-09-04,3.4111288
612,2013-09-05,5.0760202
613,2013-09-06,13.505558
614,2013-09-07,8.185812
615,2013-09-08,7.450769
616,2013-09-09,9.9074955
617,2013-09-10,3.9522064
618,2013-09-11,10.0196
619,2013-09-12,8.364455
620,2013-09-13,4.4940352
621,2013-09-14,3.1240253
622,2013-09-15,0.81833434
623,2013-09-16,0.9554369
624,2013-09-17,3.14237
625,2013-09-18,7.0719547
626,2013-09-19,2.3075905
627,2013-09-20,2.7183166
628,2013-09-21,15.031604
629,2013-09-22,2.2913644
630,2013-09-23,0.21946895
631,2013-09-24,3.1265752
632,2013-09-25,2.781361
633,2013-09-26,2.696298
634,2013-09-27,2.422416
635,2013-09-28,7.1104503
636,2013-09-29,3.313394
637,2013-09-30,4.7057753
638,2013-10-01,5.495894
639,2013-10-02,7.2874193
640,2013-10-03,4.551612
641,2013-10-04,1.0481495
642,2013-10-05,0.6994558
643,2013-10-06,0.74339426
644,2013-10-07,4.633064
645,2013-10-08,3.2871156
646,2013-10-09,12.300693
647,2013-10-10,8.040655
648,2013-10-11,3.4731698
649,2013-10-12,4.0300584
650,2013-10-13,3.7654703
651,2013-10-14,7.9784226
652,2013-10-15,5.823827
653,2013-10-16,5.0107937
654,2013-10-17,1.2667907
655,2013-10-18,5.045013
656,2013-10-19,5.225798
657,2013-10-20,3.8923743
658,2013-10-21,0.74582446
659,2013-10-22,0.9286357
660,2013-10-23,3.1255252
661,2013-10-24,1.2299076
662,2013-10-25,2.397715
663,2013-10-26,3.6910355
664,2013-10-27,6.07411
665,2013-10-28,9.601641
666,2013-10-29,10.475603
667,2013-10-30,3.4067533
668,2013-10-31,8.203266
669,2013-11-01,9.380764
670,2013-11-02,2.8548598
671,2013-11-03,5.1296806
672,2013-11-04,19.30546
673,2013-11-05,8.693768
674,2013-11-06,4.277752
675,2013-11-07,10.46859
676,2013-11-08,12.258407
677,2013-11-09,10.623238
678,2013-11-10,8.660131
679,2013-11-11,7.69989
680,2013-11-12,10.3800535
681,2013-11-13,7.405409
682,2013-11-14,6.712775
683,2013-11-15,8.661938
684,2013-11-16,9.797185
685,2013-11-17,8.90432
686,2013-11-18,11.244861
687,2013-11-19,16.363047
688,2013-11-20,12.961819
689,2013-11-21,3.0149896
690,2013-11-22,10.609834
691,2013-11-23,3.2301056
692,2013-11-24,4.0624423
693,2013-11-25,8.478573
694,2013-11-26,10.412229
695,2013-11-27,9.619972
696,2013-11-28,3.54667
697,2013-11-29,8.967408
698,2013-11-30,4.2536297
699,2013-12-01,11.912083
700,2013-12-02,4.820248
701,2013-12-03,4.703028
702,2013-12-04,2.2506835
703,2013-12-05,2.6743765
704,2013-12-06,2.3723876
705,2013-12-07,2.5182278
706,2013-12-08,2.078942
707,2013-12-09,0.3303274
708,2013-12-10,0.6512683
709,2013-12-11,6.5716662
710,2013-12-12,7.2209034
711,2013-12-13,2.5172167
712,2013-12-14,2.442895
713,2013-12-15,3.0604873
714,2013-12-16,5.565932
715,2013-12-17,4.4675407
716,2013-12-18,8.835859
717,2013-12-19,6.652167
718,2013-12-20,6.057699
719,2013-12-21,12.809034
720,2013-12-22,7.194639
721,2013-12-23,10.902441
722,2013-12-24,6.125224
723,2013-12-25,4.667625
724,2013-12-26,7.6354103
725,2013-12-27,8.454045
726,2013-12-28,7.229558
727,2013-12-29,3.6885252
728,2013-12-30,1.2596115
729,2013-12-31,5.404694
730,2014-01-01,2.6327937
731,2014-01-02,1.1818622
732,2014-01-03,2.6648083
733,2014-01-04,4.9227843
734,2014-01-05,5.458346
735,2014-01-06,5.2715135
736,2014-01-07,7.626875
737,2014-01-08,10.050806
738,2014-01-09,5.0086513
739,2014-01-10,11.630211
740,2014-01-11,9.811571
741,2014-01-12,11.543347
742,2014-01-13,18.29404
743,2014-01-14,6.8876905
744,2014-01-15,4.27725
745,2014-01-16,2.5922906
746,2014-01-17,4.538534
747,2014-01-18,12.815108
748,2014-01-19,6.996731
749,2014-01-20,6.538896
750,2014-01-21,5.174162
751,2014-01-22,4.381229
752,2014-01-23,8.97514
753,2014-01-24,3.845982
754,2014-01-25,5.08782
755,2014-01-26,11.863608
756,2014-01-27,4.746591
757,2014-01-28,6.0230055
758,2014-01-29,16.084606
759,2014-01-30,7.4976735
760,2014-01-31,2.751883
761,2014-02-01,5.747334
762,2014-02-02,5.5054445
763,2014-02-03,9.646076
764,2014-02-04,7.4922485
765,2014-02-05,10.009949
766,2014-02-06,8.92172
767,2014-02-07,16.91476
768,2014-02-08,6.829515
769,2014-02-09,3.512425
770,2014-02-10,11.714731
771,2014-02-11,21.76516
772,2014-02-12,14.206774
773,2014-02-13,7.4631224
774,2014-02-14,9.744826
775,2014-02-15,10.153617
776,2014-02-16,10.1567955
777,2014-02-17,10.599977
778,2014-02-18,7.5394983
779,2014-02-19,4.9332533
780,2014-02-20,6.318756
781,2014-02-21,11.466444
782,2014-02-22,10.809138
783,2014-02-23,9.450685
784,2014-02-24,7.72563
785,2014-02-25,7.180466
786,2014-02-26,13.94217
787,2014-02-27,7.0873103
788,2014-02-28,3.936177
789,2014-03-01,8.79549
790,2014-03-02,17.643139
791,2014-03-03,4.3091497
792,2014-03-04,6.532887
793,2014-03-05,8.045667
794,2014-03-06,12.5798025
795,2014-03-07,14.6872635
796,2014-03-08,26.436163
797,2014-03-09,3.6545722
798,2014-03-10,1.8372827
799,2014-03-11,7.9641557
800,2014-03-12,13.523105
801,2014-03-13,4.1591606
802,2014-03-14,11.0976
803,2014-03-15,8.038796
804,2014-03-16,2.5499911
805,2014-03-17,3.7798834
806,2014-03-18,10.925857
807,2014-03-19,9.808464
808,2014-03-20,19.634148
809,2014-03-21,10.614184
810,2014-03-22,10.530823
811,2014-03-23,27.709784
812,2014-03-24,19.758184
813,2014-03-25,13.175384
814,2014-03-26,7.4314256
815,2014-03-27,15.2859745
816,2014-03-28,16.492554
817,2014-03-29,1.6297841
818,2014-03-30,2.0418832
819,2014-03-31,10.045076
820,2014-04-01,26.27731
821,2014-04-02,15.276126
822,2014-04-03,3.4369445
823,2014-04-04,4.3373814
824,2014-04-05,7.7443457
825,2014-04-06,7.1393523
826,2014-04-07,5.6222754
827,2014-04-08,7.0669594
828,2014-04-09,9.348163
829,2014-04-10,4.307793
830,2014-04-11,1.7498238
831,2014-04-12,3.9633386
832,2014-04-13,9.644447
833,2014-04-14,20.828686
834,2014-04-15,9.964451
835,2014-04-16,7.8665023
836,2014-04-17,11.910122
837,2014-04-18,3.6923232
838,2014-04-19,6.5783677
839,2014-04-20,13.737672
840,2014-04-21,13.2012
841,2014-04-22,8.791405
842,2014-04-23,12.982471
843,2014-04-24,12.087146
844,2014-04-25,10.285218
845,2014-04-26,18.043552
846,2014-04-27,13.948367
847,2014-04-28,13.777431
848,2014-04-29,6.2122326
849,2014-04-30,10.719527
850,2014-05-01,20.777563
851,2014-05-02,6.6689973
852,2014-05-03,5.82734
853,2014-05-04,15.695952
854,2014-05-05,11.859505
855,2014-05-06,7.564602
856,2014-05-07,4.267249
857,2014-05-08,3.5423675
858,2014-05-09,20.14127
859,2014-05-10,8.989333
860,2014-05-11,15.223227
861,2014-05-12,7.545303
862,2014-05-13,10.1261215
863,2014-05-14,9.216721
864,2014-05-15,4.8857393
865,2014-05-16,7.996381
866,2014-05-17,11.839446
867,2014-05-18,7.556867
868,2014-05-19,7.4006605
869,2014-05-20,5.003763
870,2014-05-21,11.165967
871,2014-05-22,7.2832537
872,2014-05-23,4.8735695
873,2014-05-24,3.7296648
874,2014-05-25,3.2827222
875,2014-05-26,19.552666
876,2014-05-27,10.952587
877,2014-05-28,8.2892
878,2014-05-29,13.598214
879,2014-05-30,22.298761
880,2014-05-31,12.543139
881,2014-06-01,5.2815914
882,2014-06-02,3.8288605
883,2014-06-03,2.933034
884,2014-06-04,0.7494575
885,2014-06-05,2.3672342
886,2014-06-06,2.8573236
887,2014-06-07,1.6222078
888,2014-06-08,1.275751
889,2014-06-09,1.7731764
890,2014-06-10,2.4350457
891,2014-06-11,9.337658
892,2014-06-12,6.316983
893,2014-06-13,3.0709825
894,2014-06-14,0.64572227
895,2014-06-15,1.2446741
896,2014-06-16,8.587788
897,2014-06-17,6.0716014
898,2014-06-18,7.1131067
899,2014-06-19,6.997608
900,2014-06-20,5.0354867
901,2014-06-21,9.132301
902,2014-06-22,10.509884
903,2014-06-23,9.758154
904,2014-06-24,4.8662996
905,2014-06-25,5.759875
906,2014-06-26,14.647309
907,2014-06-27,8.259972
908,2014-06-28,7.778166
909,2014-06-29,13.749685
910,2014-06-30,12.122337
911,2014-07-01,3.487257
912,2014-07-02,3.1449044
913,2014-07-03,4.0787554
914,2014-07-04,3.811955
915,2014-07-05,2.9650838
916,2014-07-06,1.256594
917,2014-07-07,2.6034193
918,2014-07-08,2.7957962
919,2014-07-09,3.3078938
920,2014-07-10,5.6519365
921,2014-07-11,4.2688427
922,2014-07-12,6.738491
923,2014-07-13,5.004769
924,2014-07-14,3.6751873
925,2014-07-15,4.2507625
926,2014-07-16,8.62892
927,2014-07-17,3.9971473
928,2014-07-18,3.37516
929,2014-07-19,2.6866238
930,2014-07-20,1.385366
931,2014-07-21,3.3470306
932,2014-07-22,2.2474406
933,2014-07-23,0.8726413
934,2014-07-24,0.0067253686
935,2014-07-25,0.60575205
936,2014-07-26,1.3099583
937,2014-07-27,2.1734354
938,2014-07-28,7.293616
939,2014-07-29,8.974702
940,2014-07-30,2.1875327
941,2014-07-31,8.23983
942,2014-08-01,3.1031024
943,2014-08-02,1.0040429
944,2014-08-03,2.01931
945,2014-08-04,4.9192443
946,2014-08-05,6.259356
947,2014-08-06,6.2549458
948,2014-08-07,7.3889256
949,2014-08-08,3.3504229
950,2014-08-09,3.0372066
951,2014-08-10,3.3238158
952,2014-08-11,2.8705018
953,2014-08-12,1.8707438
954,2014-08-13,1.9409567
955,2014-08-14,2.3052368
956,2014-08-15,3.124746
957,2014-08-16,5.3445253
958,2014-08-17,3.51507
959,2014-08-18,1.0847021
960,2014-08-19,0.48431328
961,2014-08-20,0.21544899
962,2014-08-21,2.8659797
963,2014-08-22,3.8063006
964,2014-08-23,2.1859035
965,2014-08-24,1.5784208
966,2014-08-25,2.040738
967,2014-08-26,4.1009507
968,2014-08-27,9.182174
969,2014-08-28,5.1033387
970,2014-08-29,0.6897328
971,2014-08-30,2.5196447
972,2014-08-31,9.529977
973,2014-09-01,1.4727439
974,2014-09-02,0.48735636
975,2014-09-03,1.3803222
976,2014-09-04,0.7632142
977,2014-09-05,0.19781533
978,2014-09-06,2.3804374
979,2014-09-07,3.3299518
980,2014-09-08,6.0726976
981,2014-09-09,6.032645
982,2014-09-10,2.4949775
983,2014-09-11,0.4229922
984,2014-09-12,1.5293308
985,2014-09-13,3.2286236
986,2014-09-14,2.8897042
987,2014-09-15,1.3373419
988,2014-09-16,6.511682
989,2014-09-17,5.6539807
990,2014-09-18,5.5628467
991,2014-09-19,3.6642358
992,2014-09-20,3.4235296
993,2014-09-21,1.5728489
994,2014-09-22,1.2169391
995,2014-09-23,1.4293659
996,2014-09-24,2.4113588
997,2014-09-25,0.8609857
998,2014-09-26,0.96891403
999,2014-09-27,0.2949441
1000,2014-09-28,0.32785073
1001,2014-09-29,0.50790346
1002,2014-09-30,0.38492462
1003,2014-10-01,0.9842402
1004,2014-10-02,5.332371
1005,2014-10-03,4.757127
1006,2014-10-04,6.8403835
1007,2014-10-05,4.802457
1008,2014-10-06,3.578429
1009,2014-10-07,4.206761
1010,2014-10-08,3.4940913
1011,2014-10-09,3.5490437
1012,2014-10-10,8.625049
1013,2014-10-11,6.0147266
1014,2014-10-12,4.3395596
1015,2014-10-13,7.0395756
1016,2014-10-14,3.1846802
1017,2014-10-15,7.1605473
1018,2014-10-16,4.7587166
1019,2014-10-17,4.431471
1020,2014-10-18,5.228964
1021,2014-10-19,2.5471246
1022,2014-10-20,3.383652
1023,2014-10-21,5.883101
1024,2014-10-22,6.9275594
1025,2014-10-23,7.9092407
1026,2014-10-24,6.428312
1027,2014-10-25,5.802704
1028,2014-10-26,4.7659397
1029,2014-10-27,5.012706
1030,2014-10-28,3.6668203
1031,2014-10-29,1.3488826
1032,2014-10-30,1.8443512
1033,2014-10-31,0.95091635
1034,2014-11-01,3.2773485
1035,2014-11-02,4.0092907
1036,2014-11-03,0.8441005
1037,2014-11-04,3.5845406
1038,2014-11-05,7.0389705
1039,2014-11-06,13.7104025
1040,2014-11-07,6.0158277
1041,2014-11-08,1.8782969
1042,2014-11-09,20.379042
1043,2014-11-10,9.037606
1044,2014-11-11,1.6131718
1045,2014-11-12,4.0779004
1046,2014-11-13,15.9120455
1047,2014-11-14,5.734401
1048,2014-11-15,14.608465
1049,2014-11-16,2.8214092
1050,2014-11-17,7.677893
1051,2014-11-18,5.6336045
1052,2014-11-19,4.168427
1053,2014-11-20,9.619052
1054,2014-11-21,3.4924335
1055,2014-11-22,12.517966
1056,2014-11-23,5.316626
1057,2014-11-24,3.9519107
1058,2014-11-25,2.8009808
1059,2014-11-26,2.138835
1060,2014-11-27,16.691057
1061,2014-11-28,6.458867
1062,2014-11-29,0.19704542
1063,2014-11-30,0.014346614
1064,2014-12-01,2.571703
1065,2014-12-02,3.2803292
1066,2014-12-03,2.0452564
1067,2014-12-04,4.0015693
1068,2014-12-05,6.7445326
1069,2014-12-06,7.982001
1070,2014-12-07,6.3188725
1071,2014-12-08,8.896126
1072,2014-12-09,1.3730372
1073,2014-12-10,6.7157803
1074,2014-12-11,19.053938
1075,2014-12-12,8.183266
1076,2014-12-13,2.5215538
1077,2014-12-14,5.9781713
1078,2014-12-15,4.7253575
1079,2014-12-16,5.8722363
1080,2014-12-17,1.4583521
1081,2014-12-18,5.067141
1082,2014-12-19,10.350042
1083,2014-12-20,8.590105
1084,2014-12-21,0.96712387
1085,2014-12-22,2.9082923
1086,2014-12-23,8.907378
1087,2014-12-24,4.935421
1088,2014-12-25,6.3417945
1089,2014-12-26,5.295336
1090,2014-12-27,1.4614068
1091,2014-12-28,2.6471784
1092,2014-12-29,5.0288424
1093,2014-12-30,3.0488818
1094,2014-12-31,1.571941
1095,2012-01-01,4.4917765
1096,2012-01-02,12.612162
1097,2012-01-03,6.0020046
1098,2012-01-04,12.630275
1099,2012-01-05,9.425191
1100,2012-01-06,11.176815
1101,2012-01-07,8.442355
1102,2012-01-08,3.2925794
1103,2012-01-09,8.615279
1104,2012-01-10,16.573935
1105,2012-01-11,5.586641
1106,2012-01-12,1.5721099
1107,2012-01-13,6.0286074
1108,2012-01-14,13.441697
1109,2012-01-15,10.676378
1110,2012-01-16,11.611408
1111,2012-01-17,8.258984
1112,2012-01-18,14.988897
1113,2012-01-19,9.2394285
1114,2012-01-20,7.0231647
1115,2012-01-21,10.272635
1116,2012-01-22,16.666155
1117,2012-01-23,10.554943
1118,2012-01-24,7.2811937
1119,2012-01-25,4.915915
1120,2012-01-26,16.603636
1121,2012-01-27,12.218977
1122,2012-01-28,9.570174
1123,2012-01-29,7.7470646
1124,2012-01-30,13.396245
1125,2012-01-31,4.8592296
1126,2012-02-01,4.1314373
1127,2012-02-02,5.1550198
1128,2012-02-03,10.163194
1129,2012-02-04,5.991409
1130,2012-02-05,12.045398
1131,2012-02-06,10.103144
1132,2012-02-07,12.771333
1133,2012-02-08,6.437594
1134,2012-02-09,8.670955
1135,2012-02-10,11.806116
1136,2012-02-11,3.3989708
1137,2012-02-12,11.899771
1138,2012-02-13,10.439768
1139,2012-02-14,15.157353
1140,2012-02-15,10.903339
1141,2012-02-16,10.070666
1142,2012-02-17,11.283833
1143,2012-02-18,10.603138
1144,2012-02-19,5.993143
1145,2012-02-20,10.397007
1146,2012-02-21,17.279781
1147,2012-02-22,15.326408
1148,2012-02-23,11.290755
1149,2012-02-24,14.898237
1150,2012-02-25,13.158139
1151,2012-02-26,5.92803
1152,2012-02-27,10.576437
1153,2012-02-28,9.833955
1154,2012-02-29,14.405706
1155,2012-03-01,19.605024
1156,2012-03-02,9.700644
1157,2012-03-03,5.440352
1158,2012-03-04,10.869798
1159,2012-03-05,10.036557
1160,2012-03-06,12.025295
1161,2012-03-07,6.1869273
1162,2012-03-08,14.800713
1163,2012-03-09,17.696846
1164,2012-03-10,8.7379465
1165,2012-03-11,12.001317
1166,2012-03-12,9.071873
1167,2012-03-13,6.3017297
1168,2012-03-14,9.120507
1169,2012-03-15,7.0303645
1170,2012-03-16,11.84576
1171,2012-03-17,16.45253
1172,2012-03-18,14.5025015
1173,2012-03-19,8.077036
1174,2012-03-20,4.803374
1175,2012-03-21,5.1215215
1176,2012-03-22,9.70875
1177,2012-03-23,5.700222
1178,2012-03-24,14.711878
1179,2012-03-25,7.8268795
1180,2012-03-26,11.21501
1181,2012-03-27,18.454023
1182,2012-03-28,11.619381
1183,2012-03-29,5.7665186
1184,2012-03-30,9.134891
1185,2012-03-31,11.6091795
1186,2012-04-01,6.961011
1187,2012-04-02,6.471113
1188,2012-04-03,12.926844
1189,2012-04-04,12.396187
1190,2012-04-05,6.8609595
1191,2012-04-06,8.468631
1192,2012-04-07,22.29584
1193,2012-04-08,13.076351
1194,2012-04-09,6.368307
1195,2012-04-10,3.841267
1196,2012-04-11,6.2631288
1197,2012-04-12,20.15055
1198,2012-04-13,10.8442335
1199,2012-04-14,9.4488
1200,2012-04-15,10.965554
1201,2012-04-16,10.486636
1202,2012-04-17,3.9146106
1203,2012-04-18,9.793898
1204,2012-04-19,8.847542
1205,2012-04-20,11.207646
1206,2012-04-21,7.7319627
1207,2012-04-22,7.914063
1208,2012-04-23,10.229591
1209,2012-04-24,16.396452
1210,2012-04-25,4.315549
1211,2012-04-26,6.1375084
1212,2012-04-27,4.7840114
1213,2012-04-28,18.818043
1214,2012-04-29,9.307596
1215,2012-04-30,7.5813355
1216,2012-05-01,4.688866
1217,2012-05-02,8.648228
1218,2012-05-03,16.436892
1219,2012-05-04,16.723984
1220,2012-05-05,8.295682
1221,2012-05-06,10.060702
1222,2012-05-07,6.137375
1223,2012-05-08,9.298926
1224,2012-05-09,7.912476
1225,2012-05-10,7.2247853
1226,2012-05-11,4.8995447
1227,2012-05-12,7.6205945
1228,2012-05-13,9.855627
1229,2012-05-14,7.563086
1230,2012-05-15,7.603394
1231,2012-05-16,4.705178
1232,2012-05-17,4.9037533
1233,2012-05-18,12.29874
1234,2012-05-19,3.3908656
1235,2012-05-20,7.2804627
1236,2012-05-21,5.281224
1237,2012-05-22,4.938867
1238,2012-05-23,4.801728
1239,2012-05-24,7.3289614
1240,2012-05-25,9.609397
1241,2012-05-26,5.6320605
1242,2012-05-27,2.9824877
1243,2012-05-28,0.8998185
1244,2012-05-29,2.0214353
1245,2012-05-30,12.797925
1246,2012-05-31,3.1854284
1247,2012-06-01,4.07013
1248,2012-06-02,3.6167614
1249,2012-06-03,3.7203019
1250,2012-06-04,5.734948
1251,2012-06-05,3.374174
1252,2012-06-06,1.3098114
1253,2012-06-07,1.6173849
1254,2012-06-08,3.7643335
1255,2012-06-09,5.0094256
1256,2012-06-10,11.798823
1257,2012-06-11,5.4102535
1258,2012-06-12,3.995166
1259,2012-06-13,2.430294
1260,2012-06-14,4.4843884
1261,2012-06-15,5.2048097
1262,2012-06-16,3.4819562
1263,2012-06-17,1.8080263
1264,2012-06-18,4.8136244
1265,2012-06-19,1.9144696
1266,2012-06-20,0.33714378
1267,2012-06-21,0.04279
1268,2012-06-22,1.8604451
1269,2012-06-23,7.9936414
1270,2012-06-24,5.895426
1271,2012-06-25,4.559309
1272,2012-06-26,6.4686365
1273,2012-06-27,8.594971
1274,2012-06-28,5.857638
1275,2012-06-29,5.2120605
1276,2012-06-30,5.161589
1277,2012-07-01,7.5800624
1278,2012-07-02,4.8355303
1279,2012-07-03,2.6393774
1280,2012-07-04,2.9353907
1281,2012-07-05,6.537292
1282,2012-07-06,6.0262337
1283,2012-07-07,7.1071095
1284,2012-07-08,1.9151269
1285,2012-07-09,4.8474245
1286,2012-07-10,3.0431118
1287,2012-07-11,6.769086
1288,2012-07-12,5.551021
1289,2012-07-13,5.1319594
1290,2012-07-14,10.534813
1291,2012-07-15,14.295071
1292,2012-07-16,12.035278
1293,2012-07-17,9.198837
1294,2012-07-18,3.6731784
1295,2012-07-19,5.692478
1296,2012-07-20,4.7323194
1297,2012-07-21,1.4691513
1298,2012-07-22,4.1712995
1299,2012-07-23,2.165541
1300,2012-07-24,1.7220109
1301,2012-07-25,5.178081
1302,2012-07-26,2.3549693
1303,2012-07-27,1.2118245
1304,2012-07-28,0.63688314
1305,2012-07-29,0.74232566
1306,2012-07-30,5.8597693
1307,2012-07-31,3.358251
1308,2012-08-01,0.626405
1309,2012-08-02,1.5315361
1310,2012-08-03,0.035299305
1311,2012-08-04,0.9305986
1312,2012-08-05,0.8884774
1313,2012-08-06,0.44211337
1314,2012-08-07,0.83081436
1315,2012-08-08,2.1788154
1316,2012-08-09,9.306955
1317,2012-08-10,6.0042963
1318,2012-08-11,4.266807
1319,2012-08-12,6.781145
1320,2012-08-13,5.6393785
1321,2012-08-14,1.271553
1322,2012-08-15,3.7354174
1323,2012-08-16,6.6665025
1324,2012-08-17,4.004312
1325,2012-08-18,1.184653
1326,2012-08-19,4.6425076
1327,2012-08-20,3.3020663
1328,2012-08-21,0.91036487
1329,2012-08-22,1.331374
1330,2012-08-23,1.119745
1331,2012-08-24,1.0371968
1332,2012-08-25,1.2266479
1333,2012-08-26,0.92967576
1334,2012-08-27,1.3887671
1335,2012-08-28,4.165988
1336,2012-08-29,2.8600311
1337,2012-08-30,2.7810853
1338,2012-08-31,6.2997437
1339,2012-09-01,6.6693907
1340,2012-09-02,3.7527392
1341,2012-09-03,2.9350574
1342,2012-09-04,2.9043608
1343,2012-09-05,4.296687
1344,2012-09-06,2.5772822
1345,2012-09-07,1.828112
1346,2012-09-08,0.4602523
1347,2012-09-09,0.044797946
1348,2012-09-10,2.3999393
1349,2012-09-11,3.705708
1350,2012-09-12,2.9266262
1351,2012-09-13,0.96652925
1352,2012-09-14,0.30171636
1353,2012-09-15,4.9651003
1354,2012-09-16,9.903382
1355,2012-09-17,3.8578687
1356,2012-09-18,3.1831286
1357,2012-09-19,0.8339397
1358,2012-09-20,0.8982678
1359,2012-09-21,0.07406828
1360,2012-09-22,3.8940704
1361,2012-09-23,6.4656963
1362,2012-09-24,5.711166
1363,2012-09-25,7.0696645
1364,2012-09-26,5.9692903
1365,2012-09-27,6.1381392
1366,2012-09-28,9.234355
1367,2012-09-29,7.9879737
1368,2012-09-30,2.8703203
1369,2012-10-01,5.654121
1370,2012-10-02,5.8530602
1371,2012-10-03,5.1146665
1372,2012-10-04,7.8918223
1373,2012-10-05,3.860284
1374,2012-10-06,1.5303556
1375,2012-10-07,2.993312
1376,2012-10-08,3.6947339
1377,2012-10-09,2.0743237
1378,2012-10-10,3.9633176
1379,2012-10-11,6.026858
1380,2012-10-12,2.724444
1381,2012-10-13,4.8183737
1382,2012-10-14,7.8992133
1383,2012-10-15,5.208454
1384,2012-10-16,0.92717856
1385,2012-10-17,2.2030942
1386,2012-10-18,7.245947
1387,2012-10-19,6.094486
1388,2012-10-20,1.8613214
1389,2012-10-21,3.8441164
1390,2012-10-22,1.7360606
1391,2012-10-23,1.27838
1392,2012-10-24,0.9548733
1393,2012-10-25,0.90815943
1394,2012-10-26,3.6718595
1395,2012-10-27,10.41527
1396,2012-10-28,2.295262
1397,2012-10-29,1.0970474
1398,2012-10-30,3.7035644
1399,2012-10-31,9.499346
1400,2012-11-01,0.6155414
1401,2012-11-02,6.63685
1402,2012-11-03,3.4612024
1403,2012-11-04,5.6257386
1404,2012-11-05,3.3579626
1405,2012-11-06,0.5634558
1406,2012-11-07,0.32868138
1407,2012-11-08,8.866976
1408,2012-11-09,2.9589498
1409,2012-11-10,3.3150833
1410,2012-11-11,9.704148
1411,2012-11-12,3.7650967
1412,2012-11-13,9.186128
1413,2012-11-14,7.5125475
1414,2012-11-15,14.138127
1415,2012-11-16,3.8904035
1416,2012-11-17,8.254081
1417,2012-11-18,6.862184
1418,2012-11-19,5.1138783
1419,2012-11-20,3.2681267
1420,2012-11-21,4.152862
1421,2012-11-22,3.7398243
1422,2012-11-23,7.2297435
1423,2012-11-24,3.501139
1424,2012-11-25,4.0043955
1425,2012-11-26,4.5973697
1426,2012-11-27,5.813093
1427,2012-11-28,11.461018
1428,2012-11-29,5.5873938
1429,2012-11-30,5.14037
1430,2012-12-01,20.1222
1431,2012-12-02,11.923152
1432,2012-12-03,2.2392907
1433,2012-12-04,4.2813964
1434,2012-12-05,4.046265
1435,2012-12-06,18.65395
1436,2012-12-07,2.2756684
1437,2012-12-08,1.1997627
1438,2012-12-09,5.1519446
1439,2012-12-10,11.309666
1440,2012-12-11,5.7729783
1441,2012-12-12,6.8857527
1442,2012-12-13,4.9111257
1443,2012-12-14,11.075797
1444,2012-12-15,10.9211035
1445,2012-12-16,5.625465
1446,2012-12-17,1.7827544
1447,2012-12-18,2.921848
1448,2012-12-19,6.8050647
1449,2012-12-20,9.478818
1450,2012-12-21,4.27796
1451,2012-12-22,9.31685
1452,2012-12-23,7.674573
1453,2012-12-24,7.328433
1454,2012-12-25,6.837853
1455,2012-12-26,4.0941677
1456,2012-12-27,8.058963
1457,2012-12-28,7.844129
1458,2012-12-29,4.9155855
1459,2012-12-30,9.543695
1460,2012-12-31,6.1938767
1461,2015-01-01,1.7965268
1462,2015-01-02,2.8153312
1463,2015-01-03,2.034931
1464,2015-01-04,5.760772
1465,2015-01-05,3.7396908
1466,2015-01-06,2.2308693
1467,2015-01-07,1.6388708
1468,2015-01-08,2.622082
1469,2015-01-09,10.555211
1470,2015-01-10,10.61003
1471,2015-01-11,15.109647
1472,2015-01-12,5.2301326
1473,2015-01-13,7.8393593
1474,2015-01-14,10.469645
1475,2015-01-15,15.103501
1476,2015-01-16,8.329746
1477,2015-01-17,11.37456
1478,2015-01-18,8.003688
1479,2015-01-19,17.942476
1480,2015-01-20,11.673286
1481,2015-01-21,11.093963
1482,2015-01-22,7.2634497
1483,2015-01-23,15.812604
1484,2015-01-24,13.337541
1485,2015-01-25,5.568579
1486,2015-01-26,2.6249573
1487,2015-01-27,0.69044393
1488,2015-01-28,6.0052824
1489,2015-01-29,5.0226045
1490,2015-01-30,6.8373523
1491,2015-01-31,12.1074295
1492,2015-02-01,13.835468
1493,2015-02-02,16.152107
1494,2015-02-03,2.7365634
1495,2015-02-04,0.16456985
1496,2015-02-05,0.95520043
1497,2015-02-06,4.0809574
1498,2015-02-07,0.7154179
1499,2015-02-08,7.0397296
1500,2015-02-09,15.065372
1501,2015-02-10,8.430161
1502,2015-02-11,4.7337103
1503,2015-02-12,7.2489753
1504,2015-02-13,5.2453346
1505,2015-02-14,3.5222158
1506,2015-02-15,5.3727913
1507,2015-02-16,6.2956543
1508,2015-02-17,11.052528
1509,2015-02-18,8.876823
1510,2015-02-19,4.158493
1511,2015-02-20,8.94741
1512,2015-02-21,9.579309
1513,2015-02-22,19.263504
1514,2015-02-23,5.944558
1515,2015-02-24,9.394623
1516,2015-02-25,11.66571
1517,2015-02-26,12.413394
1518,2015-02-27,9.641282
1519,2015-02-28,3.702693
1520,2015-03-01,13.739069
1521,2015-03-02,15.580945
1522,2015-03-03,8.167057
1523,2015-03-04,13.374808
1524,2015-03-05,10.882596
1525,2015-03-06,21.351257
1526,2015-03-07,4.680897
1527,2015-03-08,3.0285327
1528,2015-03-09,5.3311486
1529,2015-03-10,6.668176
1530,2015-03-11,15.801787
1531,2015-03-12,5.340724
1532,2015-03-13,6.9442444
1533,2015-03-14,12.343283
1534,2015-03-15,15.136793
1535,2015-03-16,9.798848
1536,2015-03-17,14.548326
1537,2015-03-18,16.251163
1538,2015-03-19,10.9978895
1539,2015-03-20,19.52188
1540,2015-03-21,10.160186
1541,2015-03-22,10.522111
1542,2015-03-23,11.922016
1543,2015-03-24,18.81082
1544,2015-03-25,3.0152957
1545,2015-03-26,5.240404
1546,2015-03-27,4.62849
1547,2015-03-28,8.396879
1548,2015-03-29,13.02083
1549,2015-03-30,13.21003
1550,2015-03-31,15.377468
1551,2015-04-01,20.850487
1552,2015-04-02,4.932786
1553,2015-04-03,4.6430645
1554,2015-04-04,2.500307
1555,2015-04-05,0.7648673
1556,2015-04-06,1.9684114
1557,2015-04-07,3.9826171
1558,2015-04-08,3.5390973
1559,2015-04-09,5.9815454
1560,2015-04-10,9.658395
1561,2015-04-11,7.309087
1562,2015-04-12,14.3497
1563,2015-04-13,15.895413
1564,2015-04-14,4.461556
1565,2015-04-15,6.07052
1566,2015-04-16,16.332983
1567,2015-04-17,17.677456
1568,2015-04-18,12.083484
1569,2015-04-19,6.132595
1570,2015-04-20,9.483515
1571,2015-04-21,11.408804
1572,2015-04-22,6.1981044
1573,2015-04-23,9.123608
1574,2015-04-24,9.800976
1575,2015-04-25,12.364167
1576,2015-04-26,7.0752716
1577,2015-04-27,12.533784
1578,2015-04-28,12.07387
1579,2015-04-29,7.8001466
1580,2015-04-30,5.8695927
1581,2015-05-01,14.073633
1582,2015-05-02,12.280342
1583,2015-05-03,7.3370433
1584,2015-05-04,1.0891311
1585,2015-05-05,6.6859837
1586,2015-05-06,17.68779
1587,2015-05-07,17.820705
1588,2015-05-08,6.303186
1589,2015-05-09,4.1024294
1590,2015-05-10,6.4605885
1591,2015-05-11,9.9899
1592,2015-05-12,7.5165434
1593,2015-05-13,3.952988
1594,2015-05-14,9.0562315
1595,2015-05-15,6.742741
1596,2015-05-16,5.875835
1597,2015-05-17,11.9566345
1598,2015-05-18,7.756498
1599,2015-05-19,13.117636
1600,2015-05-20,7.505022
1601,2015-05-21,4.1107073
1602,2015-05-22,12.480452
1603,2015-05-23,7.111282
1604,2015-05-24,6.243714
1605,2015-05-25,7.9034367
1606,2015-05-26,7.45093
1607,2015-05-27,7.4893622
1608,2015-05-28,6.656328
1609,2015-05-29,6.939396
1610,2015-05-30,5.5572767
1611,2015-05-31,4.4521265
1612,2015-06-01,2.4564338
1613,2015-06-02,6.38053
1614,2015-06-03,3.6739144
1615,2015-06-04,1.886266
1616,2015-06-05,3.1930895
1617,2015-06-06,9.128164
1618,2015-06-07,14.9688425
1619,2015-06-08,8.518345
1620,2015-06-09,3.6094503
1621,2015-06-10,4.8199806
1622,2015-06-11,9.7079935
1623,2015-06-12,7.089647
1624,2015-06-13,4.9395247
1625,2015-06-14,4.8129168
1626,2015-06-15,4.603576
1627,2015-06-16,3.6030738
1628,2015-06-17,0.8048918
1629,2015-06-18,4.8560286
1630,2015-06-19,5.009326
1631,2015-06-20,1.9713725
1632,2015-06-21,13.238124
1633,2015-06-22,3.9458518
1634,2015-06-23,3.9472132
1635,2015-06-24,0.2694473
1636,2015-06-25,0.11638477
1637,2015-06-26,0.3098455
1638,2015-06-27,1.5739285
1639,2015-06-28,0.45619908
1640,2015-06-29,2.5535638
1641,2015-06-30,1.7240548
1642,2015-07-01,1.407023
1643,2015-07-02,2.6183274
1644,2015-07-03,2.3060827
1645,2015-07-04,1.4748133
1646,2015-07-05,5.3836226
1647,2015-07-06,0.8953517
1648,2015-07-07,4.5748057
1649,2015-07-08,0.7116505
1650,2015-07-09,0.86354256
1651,2015-07-10,2.106758
1652,2015-07-11,0.17508216
1653,2015-07-12,0.045015313
1654,2015-07-13,0.18228485
1655,2015-07-14,0.8996299
1656,2015-07-15,0.10948311
1657,2015-07-16,5.3880854
1658,2015-07-17,5.171873
1659,2015-07-18,2.9851563
1660,2015-07-19,4.7571535
1661,2015-07-20,5.014744
1662,2015-07-21,9.187298
1663,2015-07-22,7.427261
1664,2015-07-23,1.7597619
1665,2015-07-24,2.9201722
1666,2015-07-25,5.923913
1667,2015-07-26,2.840937
1668,2015-07-27,2.6305764
1669,2015-07-28,2.8110113
1670,2015-07-29,2.4348202
1671,2015-07-30,4.7181883
1672,2015-07-31,4.5120535
1673,2015-08-01,2.30843
1674,2015-08-02,1.2642758
1675,2015-08-03,1.1648463
1676,2015-08-04,0.8913904
1677,2015-08-05,2.0749657
1678,2015-08-06,1.0360652
1679,2015-08-07,0.47553435
1680,2015-08-08,0.029813474
1681,2015-08-09,0.079648726
1682,2015-08-10,0.39979306
1683,2015-08-11,0.31525847
1684,2015-08-12,0.4809411
1685,2015-08-13,1.6054341
1686,2015-08-14,2.3310318
1687,2015-08-15,2.0151238
1688,2015-08-16,0.88162804
1689,2015-08-17,2.5718951
1690,2015-08-18,5.209606
1691,2015-08-19,2.713449
1692,2015-08-20,4.1426926
1693,2015-08-21,1.5817326
1694,2015-08-22,1.4655354
1695,2015-08-23,0.45862085
1696,2015-08-24,0.41095516
1697,2015-08-25,4.22686
1698,2015-08-26,5.67884
1699,2015-08-27,3.910939
1700,2015-08-28,1.4417465
1701,2015-08-29,7.349493
1702,2015-08-30,10.424822
1703,2015-08-31,3.170117
1704,2015-09-01,3.2965844
1705,2015-09-02,1.526099
1706,2015-09-03,1.3971126
1707,2015-09-04,3.5157828
1708,2015-09-05,1.9657578
1709,2015-09-06,1.9865211
1710,2015-09-07,2.0792778
1711,2015-09-08,0.2163066
1712,2015-09-09,0.023040365
1713,2015-09-10,0.00017038092
1714,2015-09-11,0.025763132
1715,2015-09-12,0.32999027
1716,2015-09-13,1.7256733
1717,2015-09-14,5.0779033
1718,2015-09-15,6.0108953
1719,2015-09-16,3.5748773
1720,2015-09-17,2.0521185
1721,2015-09-18,0.7841385
1722,2015-09-19,0.21250631
1723,2015-09-20,0.9144687
1724,2015-09-21,0.81148714
1725,2015-09-22,0.111980364
1726,2015-09-23,0.06451863
1727,2015-09-24,0.33615535
1728,2015-09-25,0.20154518
1729,2015-09-26,0.10402091
1730,2015-09-27,0.40021506
1731,2015-09-28,2.098364
1732,2015-09-29,1.9024417
1733,2015-09-30,2.56032
1734,2015-10-01,4.4103637
1735,2015-10-02,2.5476575
1736,2015-10-03,0.60368526
1737,2015-10-04,0.20955247
1738,2015-10-05,0.51769066
1739,2015-10-06,3.1286597
1740,2015-10-07,4.3725615
1741,2015-10-08,0.9057968
1742,2015-10-09,1.4957383
1743,2015-10-10,4.1112795
1744,2015-10-11,4.0919085
1745,2015-10-12,6.889088
1746,2015-10-13,3.6206095
1747,2015-10-14,1.7455983
1748,2015-10-15,0.47730803
1749,2015-10-16,0.773154
1750,2015-10-17,2.0894623
1751,2015-10-18,0.98094714
1752,2015-10-19,2.538896
1753,2015-10-20,3.87717
1754,2015-10-21,1.169571
1755,2015-10-22,0.91234744
1756,2015-10-23,0.5505647
1757,2015-10-24,4.8549657
1758,2015-10-25,3.8972754
1759,2015-10-26,1.4863653
1760,2015-10-27,2.5287097
1761,2015-10-28,2.870512
1762,2015-10-29,6.1603713
1763,2015-10-30,0.87083346
1764,2015-10-31,3.0586407
1765,2015-11-01,3.9335651
1766,2015-11-02,7.643657
1767,2015-11-03,9.209923
1768,2015-11-04,9.0562935
1769,2015-11-05,10.532715
1770,2015-11-06,11.933948
1771,2015-11-07,1.7956961
1772,2015-11-08,2.282126
1773,2015-11-09,4.498079
1774,2015-11-10,3.3944721
1775,2015-11-11,7.2157264
1776,2015-11-12,2.5508165
1777,2015-11-13,0.7358889
1778,2015-11-14,3.4284034
1779,2015-11-15,1.5893772
1780,2015-11-16,0.8607936
1781,2015-11-17,0.046327744
1782,2015-11-18,0.2511699
1783,2015-11-19,3.3741357
1784,2015-11-20,5.5331144
1785,2015-11-21,3.1217532
1786,2015-11-22,2.451665
1787,2015-11-23,1.7258049
1788,2015-11-24,1.5327317
1789,2015-11-25,2.436146
1790,2015-11-26,5.027473
1791,2015-11-27,3.4533405
1792,2015-11-28,2.3897533
1793,2015-11-29,1.053728
1794,2015-11-30,0.99590087
1795,2015-12-01,1.0196458
1796,2015-12-02,0.7520725
1797,2015-12-03,10.280422
1798,2015-12-04,10.619998
1799,2015-12-05,6.9433546
1800,2015-12-06,6.2788267
1801,2015-12-07,5.406247
1802,2015-12-08,3.2707672
1803,2015-12-09,3.4129832
1804,2015-12-10,1.5449436
1805,2015-12-11,4.153918
1806,2015-12-12,5.8096166
1807,2015-12-13,2.925284
1808,2015-12-14,1.678368
1809,2015-12-15,3.5993502
1810,2015-12-16,7.168771
1811,2015-12-17,4.5552735
1812,2015-12-18,0.77956635
1813,2015-12-19,2.82286
1814,2015-12-20,7.945683
1815,2015-12-21,8.820487
1816,2015-12-22,6.785108
1817,2015-12-23,1.4814831
1818,2015-12-24,4.8536305
1819,2015-12-25,2.6944892
1820,2015-12-26,0.2291076
1821,2015-12-27,0.49451074
1822,2015-12-28,5.605624
1823,2015-12-29,9.154361
1824,2015-12-30,2.8719056
1825,2015-12-31,3.5234952
1826,2016-01-01,7.5709395
1827,2016-01-02,11.281332
1828,2016-01-03,4.8436766
1829,2016-01-04,5.7919893
1830,2016-01-05,12.15029
1831,2016-01-06,4.879595
1832,2016-01-07,6.3703284
1833,2016-01-08,6.221268
1834,2016-01-09,2.7210433
1835,2016-01-10,1.7734216
1836,2016-01-11,3.2012188
1837,2016-01-12,9.79951
1838,2016-01-13,2.2509158
1839,2016-01-14,2.062212
1840,2016-01-15,5.7969127
1841,2016-01-16,4.775257
1842,2016-01-17,2.4730556
1843,2016-01-18,5.3887916
1844,2016-01-19,11.833963
1845,2016-01-20,5.0456457
1846,2016-01-21,2.9473007
1847,2016-01-22,7.9360566
1848,2016-01-23,2.7347598
1849,2016-01-24,0.65202826
1850,2016-01-25,0.94081897
1851,2016-01-26,6.5849166
1852,2016-01-27,4.374033
1853,2016-01-28,0.61761236
1854,2016-01-29,0.8832855
1855,2016-01-30,3.5688736
1856,2016-01-31,4.7614026
1857,2016-02-01,3.5783954
1858,2016-02-02,8.910807
1859,2016-02-03,11.451245
1860,2016-02-04,7.9430437
1861,2016-02-05,8.911465
1862,2016-02-06,7.2878737
1863,2016-02-07,8.611851
1864,2016-02-08,1.7850146
1865,2016-02-09,0.83338004
1866,2016-02-10,2.0912673
1867,2016-02-11,6.6134624
1868,2016-02-12,1.881203
1869,2016-02-13,0.51852494
1870,2016-02-14,0.77440286
1871,2016-02-15,2.3142974
1872,2016-02-16,1.3640008
1873,2016-02-17,2.0353732
1874,2016-02-18,7.44276
1875,2016-02-19,15.385796
1876,2016-02-20,4.357584
1877,2016-02-21,1.5725538
1878,2016-02-22,7.753493
1879,2016-02-23,20.72569
1880,2016-02-24,15.404038
1881,2016-02-25,15.936568
1882,2016-02-26,17.19465
1883,2016-02-27,2.6012259
1884,2016-02-28,1.4012313
1885,2016-02-29,4.55518
1886,2016-03-01,20.017082
1887,2016-03-02,11.035684
1888,2016-03-03,3.9047794
1889,2016-03-04,2.9290662
1890,2016-03-05,4.674764
1891,2016-03-06,24.010279
1892,2016-03-07,16.979023
1893,2016-03-08,9.443373
1894,2016-03-09,20.018322
1895,2016-03-10,5.963382
1896,2016-03-11,7.7993455
1897,2016-03-12,18.163227
1898,2016-03-13,13.4406595
1899,2016-03-14,20.882984
1900,2016-03-15,6.9755163
1901,2016-03-16,10.360493
1902,2016-03-17,6.8279967
1903,2016-03-18,11.139441
1904,2016-03-19,14.437355
1905,2016-03-20,13.476509
1906,2016-03-21,7.5234914
1907,2016-03-22,10.073407
1908,2016-03-23,4.5171967
1909,2016-03-24,5.3059278
1910,2016-03-25,4.391765
1911,2016-03-26,7.0838914
1912,2016-03-27,17.093157
1913,2016-03-28,20.29295
1914,2016-03-29,15.231466
1915,2016-03-30,8.098549
1916,2016-03-31,6.0987
1917,2016-04-01,24.178726
1918,2016-04-02,12.357875
1919,2016-04-03,7.3864164
1920,2016-04-04,2.7391849
1921,2016-04-05,11.840224
1922,2016-04-06,10.070239
1923,2016-04-07,6.474797
1924,2016-04-08,7.3398194
1925,2016-04-09,6.2627826
1926,2016-04-10,11.655218
1927,2016-04-11,11.153508
1928,2016-04-12,15.892318
1929,2016-04-13,13.192486
1930,2016-04-14,4.8533506
1931,2016-04-15,2.4695117
1932,2016-04-16,3.087777
1933,2016-04-17,4.619688
1934,2016-04-18,15.3931465
1935,2016-04-19,17.19841
1936,2016-04-20,11.665744
1937,2016-04-21,11.776162
1938,2016-04-22,8.878838
1939,2016-04-23,13.480056
1940,2016-04-24,10.023543
1941,2016-04-25,15.054709
1942,2016-04-26,5.4900794
1943,2016-04-27,7.1292224
1944,2016-04-28,17.112696
1945,2016-04-29,11.477307
1946,2016-04-30,5.7063537
1947,2016-05-01,4.7708573
1948,2016-05-02,7.2751465
1949,2016-05-03,12.359746
1950,2016-05-04,10.70067
1951,2016-05-05,10.395147
1952,2016-05-06,3.0047283
1953,2016-05-07,7.2560177
1954,2016-05-08,9.665559
1955,2016-05-09,5.1687846
1956,2016-05-10,7.5229015
1957,2016-05-11,16.779217
1958,2016-05-12,15.702478
1959,2016-05-13,10.312386
1960,2016-05-14,3.282136
1961,2016-05-15,2.1969361
1962,2016-05-16,2.8546717
1963,2016-05-17,3.641535
1964,2016-05-18,5.991498
1965,2016-05-19,9.909441
1966,2016-05-20,3.8973196
1967,2016-05-21,4.224147
1968,2016-05-22,5.5114074
1969,2016-05-23,5.491778
1970,2016-05-24,9.848125
1971,2016-05-25,6.175501
1972,2016-05-26,4.772723
1973,2016-05-27,1.9518323
1974,2016-05-28,2.9361465
1975,2016-05-29,3.2509704
1976,2016-05-30,13.942299
1977,2016-05-31,17.580074
1978,2016-06-01,6.2360854
1979,2016-06-02,5.7134547
1980,2016-06-03,7.4145
1981,2016-06-04,7.024451
1982,2016-06-05,6.0949183
1983,2016-06-06,3.3874993
1984,2016-06-07,4.7961
1985,2016-06-08,3.6673107
1986,2016-06-09,4.0173783
1987,2016-06-10,2.435467
1988,2016-06-11,2.8384073
1989,2016-06-12,10.385376
1990,2016-06-13,3.24806
1991,2016-06-14,3.6769888
1992,2016-06-15,7.303072
1993,2016-06-16,3.5346854
1994,2016-06-17,3.7110195
1995,2016-06-18,5.713969
1996,2016-06-19,5.9211063
1997,2016-06-20,9.188687
1998,2016-06-21,7.9146705
1999,2016-06-22,7.463056
2000,2016-06-23,11.078094
2001,2016-06-24,5.979355
2002,2016-06-25,6.3251
2003,2016-06-26,2.2628162
2004,2016-06-27,1.6528016
2005,2016-06-28,0.25086695
2006,2016-06-29,6.847397
2007,2016-06-30,2.8409684
2008,2016-07-01,2.5234125
2009,2016-07-02,4.445296
2010,2016-07-03,3.0618942
2011,2016-07-04,3.1475015
2012,2016-07-05,9.742001
2013,2016-07-06,7.4887404
2014,2016-07-07,0.8127596
2015,2016-07-08,5.261898
2016,2016-07-09,4.1116686
2017,2016-07-10,5.7212214
2018,2016-07-11,5.2831335
2019,2016-07-12,5.839865
2020,2016-07-13,3.3425398
2021,2016-07-14,4.4319487
2022,2016-07-15,1.8233546
2023,2016-07-16,1.9663804
2024,2016-07-17,5.4849925
2025,2016-07-18,4.9367127
2026,2016-07-19,5.3726683
2027,2016-07-20,12.790903
2028,2016-07-21,9.318011
2029,2016-07-22,8.531303
2030,2016-07-23,5.984697
2031,2016-07-24,4.0999556
2032,2016-07-25,1.4245698
2033,2016-07-26,1.1615765
2034,2016-07-27,2.6276133
2035,2016-07-28,1.6462256
2036,2016-07-29,0.77300906
2037,2016-07-30,2.1912663
2038,2016-07-31,6.011936
2039,2016-08-01,1.6914947
2040,2016-08-02,1.7855998
2041,2016-08-03,2.5959563
2042,2016-08-04,2.3706872
2043,2016-08-05,4.3882856
2044,2016-08-06,2.1374002
2045,2016-08-07,0.65256935
2046,2016-08-08,0.30666438
2047,2016-08-09,1.0335267
2048,2016-08-10,0.6002637
2049,2016-08-11,1.2163475
2050,2016-08-12,2.4461467
2051,2016-08-13,3.9839237
2052,2016-08-14,4.4373994
2053,2016-08-15,3.6803558
2054,2016-08-16,2.8835754
2055,2016-08-17,1.612873
2056,2016-08-18,0.32598436
2057,2016-08-19,2.0488656
2058,2016-08-20,7.401217
2059,2016-08-21,2.3317747
2060,2016-08-22,0.47964835
2061,2016-08-23,4.423642
2062,2016-08-24,4.349733
2063,2016-08-25,5.0381026
2064,2016-08-26,5.927833
2065,2016-08-27,6.79236
2066,2016-08-28,7.402324
2067,2016-08-29,4.4071703
2068,2016-08-30,5.18214
2069,2016-08-31,7.5214276
2070,2016-09-01,2.5715837
2071,2016-09-02,5.6217127
2072,2016-09-03,7.699805
2073,2016-09-04,1.5817926
2074,2016-09-05,1.1574361
2075,2016-09-06,8.514427
2076,2016-09-07,2.2776175
2077,2016-09-08,3.610891
2078,2016-09-09,8.669297
2079,2016-09-10,6.732588
2080,2016-09-11,6.5738683
2081,2016-09-12,3.49553
2082,2016-09-13,2.6235664
2083,2016-09-14,3.6424873
2084,2016-09-15,6.891612
2085,2016-09-16,10.435258
2086,2016-09-17,3.041151
2087,2016-09-18,5.5523167
2088,2016-09-19,1.4202572
2089,2016-09-20,3.3644574
2090,2016-09-21,2.8590178
2091,2016-09-22,4.6168227
2092,2016-09-23,6.146609
2093,2016-09-24,5.760027
2094,2016-09-25,3.3142962
2095,2016-09-26,4.7238045
2096,2016-09-27,6.4033446
2097,2016-09-28,3.3844728
2098,2016-09-29,6.5427504
2099,2016-09-30,5.7133336
2100,2016-10-01,4.018948
2101,2016-10-02,1.4747881
2102,2016-10-03,1.0476689
2103,2016-10-04,2.2418978
2104,2016-10-05,2.19877
2105,2016-10-06,7.041225
2106,2016-10-07,3.1162732
2107,2016-10-08,8.594134
2108,2016-10-09,10.503706
2109,2016-10-10,5.6366878
2110,2016-10-11,3.5770352
2111,2016-10-12,6.0116253
2112,2016-10-13,4.1074443
2113,2016-10-14,1.1745821
2114,2016-10-15,0.8052916
2115,2016-10-16,0.87911636
2116,2016-10-17,1.0048728
2117,2016-10-18,1.5560217
2118,2016-10-19,0.7128128
2119,2016-10-20,1.5880558
2120,2016-10-21,4.4892454
2121,2016-10-22,7.9325824
2122,2016-10-23,10.352516
2123,2016-10-24,3.84082
2124,2016-10-25,1.176976
2125,2016-10-26,6.071228
2126,2016-10-27,7.7173653
2127,2016-10-28,12.3127365
2128,2016-10-29,3.7753022
2129,2016-10-30,7.614486
2130,2016-10-31,8.799269
2131,2016-11-01,1.7868559
2132,2016-11-02,1.1076157
2133,2016-11-03,11.058279
2134,2016-11-04,5.2481475
2135,2016-11-05,11.446561
2136,2016-11-06,10.753017
2137,2016-11-07,6.0197954
2138,2016-11-08,11.995349
2139,2016-11-09,2.797328
2140,2016-11-10,5.422839
2141,2016-11-11,3.60076
2142,2016-11-12,7.3401003
2143,2016-11-13,14.890229
2144,2016-11-14,4.028153
2145,2016-11-15,2.8720245
2146,2016-11-16,4.0683117
2147,2016-11-17,11.520969
2148,2016-11-18,5.1052537
2149,2016-11-19,1.4326571
2150,2016-11-20,3.4942715
2151,2016-11-21,9.146631
2152,2016-11-22,13.321216
2153,2016-11-23,7.6570253
2154,2016-11-24,14.298653
2155,2016-11-25,6.726134
2156,2016-11-26,4.03581
2157,2016-11-27,3.2731178
2158,2016-11-28,2.2485135
2159,2016-11-29,0.79925066
2160,2016-11-30,1.8389777
2161,2016-12-01,10.13265
2162,2016-12-02,6.316383
2163,2016-12-03,9.37164
2164,2016-12-04,11.470751
2165,2016-12-05,14.526614
2166,2016-12-06,1.6059487
2167,2016-12-07,3.484067
2168,2016-12-08,6.0013194
2169,2016-12-09,4.631483
2170,2016-12-10,4.5648656
2171,2016-12-11,17.073305
2172,2016-12-12,16.250298
2173,2016-12-13,5.196559
2174,2016-12-14,16.48148
2175,2016-12-15,16.62882
2176,2016-12-16,18.236801
2177,2016-12-17,19.13744
2178,2016-12-18,25.139824
2179,2016-12-19,3.212334
2180,2016-12-20,8.768938
2181,2016-12-21,5.4876842
2182,2016-12-22,7.6243773
2183,2016-12-23,7.7306414
2184,2016-12-24,6.337439
2185,2016-12-25,9.819001
2186,2016-12-26,9.966622
2187,2016-12-27,15.594624
2188,2016-12-28,5.337402
2189,2016-12-29,8.107739
2190,2016-12-30,10.671008
2191,2016-12-31,14.313504
2192,2017-01-01,8.559864
2193,2017-01-02,6.080185
2194,2017-01-03,6.6980495
2195,2017-01-04,3.9782743
2196,2017-01-05,2.7184384
2197,2017-01-06,3.5069714
2198,2017-01-07,18.565475
2199,2017-01-08,22.111404
2200,2017-01-09,6.648493
2201,2017-01-10,5.8823924
2202,2017-01-11,9.861966
2203,2017-01-12,17.477768
2204,2017-01-13,19.578987
2205,2017-01-14,7.865088
2206,2017-01-15,5.2878346
2207,2017-01-16,3.3650846
2208,2017-01-17,35.58978
2209,2017-01-18,9.515345
2210,2017-01-19,1.1728398
2211,2017-01-20,9.060447
2212,2017-01-21,21.046503
2213,2017-01-22,30.47032
2214,2017-01-23,9.990781
2215,2017-01-24,4.5051246
2216,2017-01-25,7.9300256
2217,2017-01-26,14.907772
2218,2017-01-27,10.235492
2219,2017-01-28,13.377222
2220,2017-01-29,17.10214
2221,2017-01-30,24.308018
2222,2017-01-31,24.581505
2223,2017-02-01,16.903282
2224,2017-02-02,4.3480177
2225,2017-02-03,9.88461
2226,2017-02-04,9.617474
2227,2017-02-05,9.76682
2228,2017-02-06,12.41407
2229,2017-02-07,7.8132806
2230,2017-02-08,17.844177
2231,2017-02-09,12.715305
2232,2017-02-10,1.5321672
2233,2017-02-11,1.5253793
2234,2017-02-12,5.044965
2235,2017-02-13,1.6471361
2236,2017-02-14,7.740953
2237,2017-02-15,12.877222
2238,2017-02-16,13.555653
2239,2017-02-17,5.5367146
2240,2017-02-18,3.1696546
2241,2017-02-19,7.8221874
2242,2017-02-20,11.51434
2243,2017-02-21,20.898354
2244,2017-02-22,11.524411
2245,2017-02-23,4.537428
2246,2017-02-24,18.515163
2247,2017-02-25,16.16381
2248,2017-02-26,3.7096217
2249,2017-02-27,9.098675
2250,2017-02-28,12.2204275
2251,2017-03-01,4.655258
2252,2017-03-02,4.161437
2253,2017-03-03,6.674668
2254,2017-03-04,7.376544
2255,2017-03-05,11.432093
2256,2017-03-06,21.851646
2257,2017-03-07,12.31489
2258,2017-03-08,14.688185
2259,2017-03-09,14.940869
2260,2017-03-10,16.577852
2261,2017-03-11,11.080981
2262,2017-03-12,9.260811
2263,2017-03-13,10.9738245
2264,2017-03-14,10.845638
2265,2017-03-15,9.001531
2266,2017-03-16,11.352965
2267,2017-03-17,8.093147
2268,2017-03-18,6.0759544
2269,2017-03-19,23.954292
2270,2017-03-20,14.768393
2271,2017-03-21,8.574189
2272,2017-03-22,3.7715638
2273,2017-03-23,6.320576
2274,2017-03-24,11.971316
2275,2017-03-25,18.95018
2276,2017-03-26,11.796981
2277,2017-03-27,6.0372167
2278,2017-03-28,10.798497
2279,2017-03-29,16.233082
2280,2017-03-30,9.595004
2281,2017-03-31,7.8990912
2282,2017-04-01,14.928985
2283,2017-04-02,14.835606
2284,2017-04-03,5.83949
2285,2017-04-04,3.76811
2286,2017-04-05,8.774588
2287,2017-04-06,5.5953345
2288,2017-04-07,8.01125
2289,2017-04-08,13.137825
2290,2017-04-09,9.743608
2291,2017-04-10,6.8630943
2292,2017-04-11,7.326624
2293,2017-04-12,7.434457
2294,2017-04-13,10.294938
2295,2017-04-14,14.069662
2296,2017-04-15,13.348357
2297,2017-04-16,17.440786
2298,2017-04-17,9.94764
2299,2017-04-18,11.796208
2300,2017-04-19,9.258119
2301,2017-04-20,9.182248
2302,2017-04-21,8.721201
2303,2017-04-22,9.382578
2304,2017-04-23,9.084733
2305,2017-04-24,4.7462993
2306,2017-04-25,8.680643
2307,2017-04-26,8.473839
2308,2017-04-27,7.238577
2309,2017-04-28,17.298124
2310,2017-04-29,16.513828
2311,2017-04-30,8.229828
2312,2017-05-01,5.410209
2313,2017-05-02,16.185202
2314,2017-05-03,6.650647
2315,2017-05-04,7.6377788
2316,2017-05-05,9.622679
2317,2017-05-06,3.4502516
2318,2017-05-07,10.091976
2319,2017-05-08,13.508343
2320,2017-05-09,8.448648
2321,2017-05-10,5.3056245
2322,2017-05-11,5.7954698
2323,2017-05-12,7.630247
2324,2017-05-13,6.824627
2325,2017-05-14,5.680889
2326,2017-05-15,4.7063036
2327,2017-05-16,9.84352
2328,2017-05-17,4.6973763
2329,2017-05-18,1.5475131
2330,2017-05-19,0.8885894
2331,2017-05-20,1.6861371
2332,2017-05-21,6.343434
2333,2017-05-22,6.4858046
2334,2017-05-23,10.280354
2335,2017-05-24,4.8738985
2336,2017-05-25,1.0914761
2337,2017-05-26,0.5032627
2338,2017-05-27,1.6896902
2339,2017-05-28,0.9544485
2340,2017-05-29,5.2649183
2341,2017-05-30,11.777353
2342,2017-05-31,15.042912
2343,2017-06-01,8.345356
2344,2017-06-02,13.980227
2345,2017-06-03,5.4596934
2346,2017-06-04,2.3817706
2347,2017-06-05,3.6554356
2348,2017-06-06,4.3517475
2349,2017-06-07,5.0385046
2350,2017-06-08,3.21653
2351,2017-06-09,4.3392954
2352,2017-06-10,4.171466
2353,2017-06-11,2.6539233
2354,2017-06-12,6.1339307
2355,2017-06-13,7.023714
2356,2017-06-14,5.1466713
2357,2017-06-15,2.408313
2358,2017-06-16,1.5761398
2359,2017-06-17,6.7647815
2360,2017-06-18,2.4996145
2361,2017-06-19,2.3510058
2362,2017-06-20,3.983211
2363,2017-06-21,5.59102
2364,2017-06-22,10.477409
2365,2017-06-23,12.301342
2366,2017-06-24,9.297682
2367,2017-06-25,4.261954
2368,2017-06-26,5.8817134
2369,2017-06-27,2.4655552
2370,2017-06-28,3.9611776
2371,2017-06-29,4.0324726
2372,2017-06-30,7.252791
2373,2017-07-01,12.9044285
2374,2017-07-02,5.2170954
2375,2017-07-03,5.449259
2376,2017-07-04,4.6639695
2377,2017-07-05,5.102899
2378,2017-07-06,3.145023
2379,2017-07-07,0.27133238
2380,2017-07-08,6.063086
2381,2017-07-09,6.046611
2382,2017-07-10,6.3599677
2383,2017-07-11,4.687819
2384,2017-07-12,3.0472524
2385,2017-07-13,7.099705
2386,2017-07-14,4.090205
2387,2017-07-15,2.7735825
2388,2017-07-16,2.7707424
2389,2017-07-17,1.3986186
2390,2017-07-18,0.431688
2391,2017-07-19,0.1537077
2392,2017-07-20,1.1324791
2393,2017-07-21,0.5348361
2394,2017-07-22,2.6289217
2395,2017-07-23,6.2684827
2396,2017-07-24,7.0989356
2397,2017-07-25,1.1764038
2398,2017-07-26,1.7456384
2399,2017-07-27,1.8380716
2400,2017-07-28,0.6344657
2401,2017-07-29,0.2799337
2402,2017-07-30,0.5103823
2403,2017-07-31,4.5250196
2404,2017-08-01,1.9926105
2405,2017-08-02,1.4456139
2406,2017-08-03,4.2065344
2407,2017-08-04,3.0319183
2408,2017-08-05,3.4005167
2409,2017-08-06,1.3082978
2410,2017-08-07,3.7733917
2411,2017-08-08,2.061131
2412,2017-08-09,3.2297482
2413,2017-08-10,2.330299
2414,2017-08-11,3.3527088
2415,2017-08-12,0.5361374
2416,2017-08-13,0.6031494
2417,2017-08-14,3.515023
2418,2017-08-15,1.14496
2419,2017-08-16,2.8768551
2420,2017-08-17,2.3467646
2421,2017-08-18,0.8861247
2422,2017-08-19,0.8044497
2423,2017-08-20,0.26716304
2424,2017-08-21,3.4790254
2425,2017-08-22,1.8568825
2426,2017-08-23,2.5335338
2427,2017-08-24,4.4290814
2428,2017-08-25,2.7275953
2429,2017-08-26,2.9441497
2430,2017-08-27,2.1561842
2431,2017-08-28,2.105287
2432,2017-08-29,2.5623639
2433,2017-08-30,3.4532647
2434,2017-08-31,4.3107786
2435,2017-09-01,3.7487583
2436,2017-09-02,1.8418422
2437,2017-09-03,1.086048
2438,2017-09-04,3.95013
2439,2017-09-05,2.8811536
2440,2017-09-06,0.7093937
2441,2017-09-07,2.5126722
2442,2017-09-08,3.8903875
2443,2017-09-09,3.5326471
2444,2017-09-10,5.34714
2445,2017-09-11,4.8437457
2446,2017-09-12,8.843724
2447,2017-09-13,3.5993633
2448,2017-09-14,1.2895901
2449,2017-09-15,1.632461
2450,2017-09-16,4.4831147
2451,2017-09-17,9.082569
2452,2017-09-18,5.580294
2453,2017-09-19,3.4149334
2454,2017-09-20,1.3121066
2455,2017-09-21,3.111663
2456,2017-09-22,7.233211
2457,2017-09-23,5.2455187
2458,2017-09-24,3.0538573
2459,2017-09-25,8.557061
2460,2017-09-26,8.94751
2461,2017-09-27,10.499942
2462,2017-09-28,6.1466713
2463,2017-09-29,11.092351
2464,2017-09-30,5.1604376
2465,2017-10-01,2.458506
2466,2017-10-02,1.1265372
2467,2017-10-03,2.1474485
2468,2017-10-04,1.048195
2469,2017-10-05,2.1071644
2470,2017-10-06,9.506239
2471,2017-10-07,7.0478096
2472,2017-10-08,6.9845667
2473,2017-10-09,1.3594675
2474,2017-10-10,2.2142477
2475,2017-10-11,1.5172595
2476,2017-10-12,2.9275734
2477,2017-10-13,6.729204
2478,2017-10-14,3.9330773
2479,2017-10-15,3.2703965
2480,2017-10-16,3.5808868
2481,2017-10-17,2.8653765
2482,2017-10-18,3.0711756
2483,2017-10-19,2.29903
2484,2017-10-20,1.224916
2485,2017-10-21,1.6577275
2486,2017-10-22,1.3684578
2487,2017-10-23,4.430255
2488,2017-10-24,7.053002
2489,2017-10-25,2.6041596
2490,2017-10-26,14.679676
2491,2017-10-27,4.0396104
2492,2017-10-28,1.5669851
2493,2017-10-29,2.4758368
2494,2017-10-30,15.070901
2495,2017-10-31,7.617985
2496,2017-11-01,1.8468966
2497,2017-11-02,3.4239113
2498,2017-11-03,6.163165
2499,2017-11-04,5.533751
2500,2017-11-05,6.1720347
2501,2017-11-06,9.755352
2502,2017-11-07,5.7789073
2503,2017-11-08,2.8955712
2504,2017-11-09,6.8566194
2505,2017-11-10,7.967862
2506,2017-11-11,8.694882
2507,2017-11-12,11.841643
2508,2017-11-13,10.696927
2509,2017-11-14,8.44516
2510,2017-11-15,8.884632
2511,2017-11-16,8.012424
2512,2017-11-17,4.3072386
2513,2017-11-18,11.145857
2514,2017-11-19,1.0465477
2515,2017-11-20,5.3549438
2516,2017-11-21,6.685821
2517,2017-11-22,0.55741996
2518,2017-11-23,1.8843154
2519,2017-11-24,5.3268056
2520,2017-11-25,7.593547
2521,2017-11-26,5.578389
2522,2017-11-27,1.7510974
2523,2017-11-28,3.8929696
2524,2017-11-29,6.4218416
2525,2017-11-30,8.479493
2526,2017-12-01,16.41008
2527,2017-12-02,8.436282
2528,2017-12-03,2.3099623
2529,2017-12-04,3.1104758
2530,2017-12-05,4.3879495
2531,2017-12-06,2.157145
2532,2017-12-07,4.5677376
2533,2017-12-08,3.7007709
2534,2017-12-09,3.8871176
2535,2017-12-10,5.475614
2536,2017-12-11,9.632232
2537,2017-12-12,16.269444
2538,2017-12-13,8.19296
2539,2017-12-14,9.180148
2540,2017-12-15,1.5073324
2541,2017-12-16,3.9998376
2542,2017-12-17,7.6221023
2543,2017-12-18,2.8072336
2544,2017-12-19,4.8299437
2545,2017-12-20,5.6141357
2546,2017-12-21,7.545127
2547,2017-12-22,6.508479
2548,2017-12-23,5.1584535
2549,2017-12-24,5.461707
2550,2017-12-25,8.228966
2551,2017-12-26,16.163502
2552,2017-12-27,25.1975
2553,2017-12-28,12.567081
2554,2017-12-29,15.739912
2555,2017-12-30,14.207085
2556,2017-12-31,6.0605793
